Vol & Train,cat01,tag01
Location de voitures,cat01,tag02
Hotels & Résidences,cat01,tag03
Croisières,cat01,tag04
Camping,cat01,tag05
Abonnement mobile,cat02,tag06
Accessoires mobiles,cat02,tag07
Internet,cat02,tag08
Hifi & Electroménager,cat03,tag09
Meubles et Literies,cat03,tag10
Objets de décoration,cat03,tag11
Cuisine & art de la table,cat03,tag12
Mobilier extérieur,cat03,tag13
Plantes & Animalerie,cat03,tag14
stickers,cat03,tag15
Services & equipements divers,cat03,tag16
Equipement & matériel de sport,cat04,tag17
Fitness & Musculation,cat04,tag18
Ski & sports de glisse,cat04,tag19
Clubs de gym,cat04,tag20
PC & Portables,cat05,tag21
Equipements informatiques,cat05,tag22
Cartouches & Consommables,cat05,tag23
Jeux vidéos & Consoles,cat05,tag24
Mode femme & enfant,cat06,tag25
Mode homme,cat06,tag26
Lingerie & sous-vêtements,cat06,tag27
Chaussures,cat06,tag28
Maroquineries & Bagages,cat06,tag29
Ventes privées,cat06,tag30
Vêtements personnalisés,cat06,tag31
Vins & Alcools,cat07,tag32
Epicerie fine,cat07,tag33
Fleurs,cat07,tag34
Coffrets,cat07,tag35
Cadeaux,cat07,tag36
billetterie,cat07,tag37
Tirages & objets photo,cat08,tag38
Instruments & partitions de musique,cat08,tag39
Téléchargement,cat08,tag40
CD-DVD-Bluray,cat08,tag41
Livres & BDs,cat08,tag42
Bio santé & cosmétique,cat09,tag43
Parfums & cosmétique,cat09,tag44
Minceur,cat09,tag45
Parapharmacie,cat09,tag46
Lentilles et lunettes & produits,cat09,tag47
Fournitures & mobilier de bureau,cat10,tag48
Cartes de visite & impressions,cat10,tag49
Cartouches et consommables,cat10,tag50
Services aux entreprises,cat10,tag51
Services divers,cat10,tag52
Crédit,cat11,tag53
Mutuelle,cat11,tag54
Assurance,cat11,tag55
Puériculture & Scolaire,cat12,tag56
Jeux & Jouets,cat12,tag57
Anniversaires & Déguisements,cat12,tag58
Presse,cat12,tag59
Loisirs créatifs,cat12,tag60
Voiture & Moto,cat13,tag61
Accessoires auto & moto,cat13,tag62
Pièces détachées,cat13,tag63
Pneus,cat13,tag64
Stage pilotage,cat13,tag65
Bateau,cat13,tag66
Poker,cat14,tag67
Paris,cat14,tag68
Loterie,cat14,tag69
jeux en ligne,cat14,tag70
Sites de rencontre,cat15,tag71
Lingerie fine,cat15,tag72
Sexshop,cat15,tag73
Achat discount,cat16,tag74
Occasion,cat16,tag75
Deal,cat16,tag76
enchères,cat16,tag77
voyance,cat15,tag78
produit naturel,cat09,tag79
Objets de la maison,cat03,tag80
Locations de vacances,cat01,tag81
